{"metadata":{"asset_id":"e58e6693-d2e8-4522-ae1f-a4691532e7e6","asset_attributes":["data_asset","location_definition"],"name":"predictive_maintenance.csv","asset_type":"data_asset","created_at":"2025-08-04T13:38:31Z","origin_country":"us","owner_id":"IBMid-6970010NEN","project_id":"983ff3ce-eebf-4255-9d6a-7f6f8294fe51","size":531014,"usage":{"last_update_time":1754314712527,"last_updated_at":"2025-08-04T13:38:32Z"}},"entity":{"data_asset":{"dataset":false,"mime_type":"text/csv"},"location_definition":{"physical_location_code":"LON","physical_location_code_assigned_by":"IBMid-6970010NEN","physical_location_code_rds_id":"c57cb90f-2126-3800-9c9f-9eab82021cdf","physical_location_code_rds_version":"00002025-0801-4151-8100-152697000000_5","physical_location_code_assignment_method":"INFERRED","physical_location_code_added_on":"1754314712525"}},"attachments":[{"id":"0dd03bbf-1297-4409-b4b9-7108a7529128","version":2,"asset_type":"data_asset","name":"predictive_maintenance.csv","mime":"text/csv","datasource_type":"193a97c1-4475-4a19-b90c-295c4fdc6517","object_key":"predictive_maintenance.csv","creator_id":"IBMid-6970010NEN","create_time":1754314712526,"size":531014,"is_remote":false,"is_managed":false,"is_referenced":true,"is_object_key_read_only":true,"is_user_provided_path_key":true,"transfer_complete":true,"is_partitioned":false,"complete_time_ticks":1754314712526,"user_data":{},"test_doc":0,"handle":{"bucket":"maintainanceml-donotdelete-pr-6d6hqhfoq8m3j0","location":"eu-gb","type":"bluemix_cos","key":"predictive_maintenance.csv","upload_id":"done","max_part_num":1},"usage":{"access_count":0,"last_accessor_id":"IBMid-6970010NEN","last_access_time":1754314712526}}]}
