{"metadata":{"asset_id":"0e15f945-c162-45ee-b2eb-a4cf2b5884e2","asset_attributes":["environment"],"name":"autoai-runtime-24.1-py3.11-S","asset_type":"environment","created_at":"2025-08-04T13:42:14Z","origin_country":"us","owner_id":"IBMid-6970010NEN","project_id":"983ff3ce-eebf-4255-9d6a-7f6f8294fe51","sandbox_id":"983ff3ce-eebf-4255-9d6a-7f6f8294fe51","size":0,"tags":["dsx"],"usage":{"last_update_time":1754314934684,"last_updated_at":"2025-08-04T13:42:14Z"}},"entity":{"environment":{"sub_type":"notebook","display_name":"Runtime 24.1 on Python 3.11 AutoAI-S","hardware_specification":{"type":"referenced","guid":"e7ed1d6c-2e89-42d7-aed5-863b972c1d2b"},"software_specification":{"type":"referenced","guid":"45f12dfe-aa78-5b8d-9f38-0ee223c47309"},"tools_specification":{"supported_kernels":[{"name":"python3","display_name":"Python 3.11","language":"python","version":"3.11"}],"notebook_extensions":[]}}}}
