{"metadata":{"asset_id":"758466ef-5814-47e4-a5c4-5f59750d372a","asset_attributes":["notebook","location_definition"],"name":"Maintenance_ML","asset_type":"notebook","created_at":"2025-08-04T13:42:15Z","description":"","origin_country":"us","owner_id":"IBMid-6970010NEN","project_id":"983ff3ce-eebf-4255-9d6a-7f6f8294fe51","size":36994,"tags":["notebook"],"usage":{"last_update_time":1754314936190,"last_updated_at":"2025-08-04T13:42:16Z"}},"entity":{"notebook":{"kernel":{"display_name":"Python 3.11","name":"python3","language":"python"},"originates_from":{"type":"file"},"runtime":{"environment":"0e15f945-c162-45ee-b2eb-a4cf2b5884e2"}},"location_definition":{"physical_location_code":"LON","physical_location_code_assigned_by":"IBMid-6970010NEN","physical_location_code_rds_id":"c57cb90f-2126-3800-9c9f-9eab82021cdf","physical_location_code_rds_version":"00002025-0801-4151-8100-152697000000_5","physical_location_code_assignment_method":"INFERRED","physical_location_code_added_on":"1754314936185"}},"attachments":[{"id":"594ca350-1494-440d-81fd-e69a48c8ff86","version":2,"asset_type":"notebook","name":"attachment for notebook 758466ef-5814-47e4-a5c4-5f59750d372a","description":"attachment for notebook 758466ef-5814-47e4-a5c4-5f59750d372a","mime":"application/json","datasource_type":"193a97c1-4475-4a19-b90c-295c4fdc6517","object_key":"notebook/autoai_notebook_1dcb68f2-626b-42fd-9192-7fa0a7623784_experiment_1754314934936.ipynb","creator_id":"IBMid-6970010NEN","create_time":1754314936189,"size":36994,"is_remote":false,"is_managed":false,"is_referenced":true,"is_object_key_read_only":false,"is_user_provided_path_key":true,"transfer_complete":true,"is_partitioned":false,"complete_time_ticks":1754314936189,"user_data":{},"test_doc":0,"handle":{"bucket":"maintainanceml-donotdelete-pr-6d6hqhfoq8m3j0","location":"eu-gb","type":"bluemix_cos","key":"notebook/autoai_notebook_1dcb68f2-626b-42fd-9192-7fa0a7623784_experiment_1754314934936.ipynb","upload_id":"done","max_part_num":1},"usage":{"access_count":0,"last_accessor_id":"IBMid-6970010NEN","last_access_time":1754314936189}}]}
